ID;FullName;Email;PhoneNumber
b853a51c-c2b6-4222-ace9-3d5e8491229b;FullName3854;Email1632;PhoneNum7718
e7b0f738-81aa-42f6-853a-9b8924114cd3;FullName6124;Email4175;PhoneNum9141
f5e820d3-a35b-4318-8f0f-655a5b082bfb;FullName1149;Email3399;PhoneNum4883
6e2fbe22-a462-4db3-bd34-c4bc08777afb;FullName535;Email8443;PhoneNum8248
5cdca029-3dbd-46dd-b324-cb7142892ce3;FullName500;Email465;PhoneNum8661
ef67dbb7-8429-4d41-91f4-69b6661004b5;FullName8807;Email9636;PhoneNum5105
bddbbdb5-e805-42ee-8209-6856ff2b405a;FullName2351;Email7716;PhoneNum9849
55a55efb-16ed-4fe7-9f56-5dfe4ad3af4e;FullName8102;Email4956;PhoneNum5530
f3e2bc4b-5491-4ad4-9935-35303116162d;FullName503;Email9911;PhoneNum9271
14767b23-3354-4c67-a273-0bd84180237f;FullName7478;Email9399;PhoneNum2937